<?xml version="1.0" encoding="UTF-8"?>
<beans xmlns="http://www.springframework.org/schema/beans"
	xmlns:xsi="http://www.w3.org/2001/XMLSchema-instance" xmlns:context="http://www.springframework.org/schema/context"
	xsi:schemaLocation="http://www.springframework.org/schema/beans http://www.springframework.org/schema/beans/spring-beans-4.0.xsd
        					http://www.springframework.org/schema/context http://www.springframework.org/schema/context/spring-context-4.0.xsd">

	

	<bean id="capgemini" class="com.capgemini.pojo.database.SpringdatabaseApp.OracleDatabase">
		
		<property name="schema" value="XE"/>
		<property name="dbname" value="oracle"/>
		<property name="hostname" value="@localhost"/>
		<property name="portno" value="1521"/>
		<property name="password" value="hr"/>
		<property name="uname" value="hr"/>
	</bean>

</beans>